Product, Price
Suffolk Chair - Shell,£240.00
Suffolk Chair - Shell,£240.00
Suffolk Chair - Shell,£225.00
Wardley Chair - Ebony Oak,£235.00
Montague Lloyd Loom Chair - Slate,£180.00
Harrington Carver Chair with Cushion - Reed,£345.00
Harrington Carver Chair with Cushion - Reed,£345.00
Harrington Carver Chair with Cushion - Reed,£345.00
Denham Campaign Chair - Canvas & Weathered Teak,£300.00
Denham Campaign Chair - Canvas & Weathered Teak,£300.00
Suffolk Chair - Shell,£240.00
Suffolk Chair - Shell,£240.00
Suffolk Chair - Shell,£225.00
Wardley Chair - Ebony Oak,£235.00
Montague Lloyd Loom Chair - Slate,£180.00
Harrington Carver Chair with Cushion - Reed,£345.00
Harrington Carver Chair with Cushion - Reed,£345.00
Harrington Carver Chair with Cushion - Reed,£345.00
Denham Campaign Chair - Canvas & Weathered Teak,£300.00
Denham Campaign Chair - Canvas & Weathered Teak,£300.00
Boscombe Dining Chair with Natural Cushion - Black,£135.00
Boscombe Dining Chair with Natural Cushion - Cobble,£135.00
Cheltenham Carver Chair with Natural Cushions Set,£275.00
Denham Campaign Chair - Canvas & Weathered Teak,£300.00
Harrington Carver Chair with Cushion - Reed,£345.00
Harrington Carver Chair with Cushion - Reed,£320.00
Cheltenham Carver Chair with Natural Cushions Set,£275.00
Cheltenham Carver Chair with Natural Cushions Set,£275.00
Harrington Carver Chair with Cushion - Reed,£345.00
Toulston Dining Chair with Natural Cushion - Reed,£240.00
Denham Campaign Chair - Canvas & Weathered Teak,£300.00
Denham Campaign Chair - Canvas & Weathered Teak,£300.00
Boscombe Dining Chair with Natural Cushion - Black,£135.00
Boscombe Dining Chair with Natural Cushion - Cobble,£135.00
Cheltenham Carver Chair with Natural Cushions Set,£275.00
Suffolk Chair - Fog - Neptune Logo Badge Missing,£230.00
Cheltenham Carver Chair with Natural Cushions Set,£275.00
Cheltenham Carver Chair with Natural Cushions Set,£275.00
Boscombe Dining Chair with Natural Cushion - Cobble,£135.00
Cheltenham Carver Chair with Natural Cushions Set,£275.00
Boscombe Dining Chair with Natural Cushion - Cobble,£135.00
Cheltenham Carver Chair with Natural Cushions Set,£275.00
Cheltenham Carver Chair with Natural Cushions Set,£275.00
Calverston Dining Chair - Isla Cranberry - Darkened Oak,£185.00
Denham Campaign Chair - Canvas & Weathered Teak,£275.00
Mowbray Dining Chair - Harry Rust - Vintage Oak Legs,£240.00
Wardley Chair - Ebony Oak,£235.00
Wardley Chair - Ebony Oak,£235.00
Wardley Chair - Ebony Oak,£235.00
Mowbray Dining Chair - Harry Apricot - Vintage Oak Legs,£180.00
Wardley Chair - Ebony Oak,£235.00
Wardley Chair - Ebony Oak,£235.00
Wardley Chair - Ebony Oak,£235.00
Mowbray Dining Chair - Harry Rust - Vintage Oak Legs,£360.00
Sheldrake Dining Chair - Chloe Ash - Vintage Oak Legs,£130.00
Asthall Dining Chair - Grey,£140.00
Wardley Chair - Ebony Oak,£235.00
Mowbray Dining Chair - Harry Rust - Vintage Oak Legs,£360.00
Mowbray Dining Chair - Harry Rust - Vintage Oak Legs,£360.00
Shoreditch Dining Chair - Isla Fox - Vintage Oak,£140.00
Harrington Carver Chair with Cushion - Reed,£345.00
Cayton Dining Chair - Hazel 3mm - Missing Cushion,£245.00
Long Island Dining Chair - Vintage Oak,£145.00
Mowbray Dining Chair - Hugo Buckwheat - Vintage Oak,£150.00
Mowbray Dining Chair - Clara Mocha - Vintage Oak,£170.00
Mowbray Dining Chair - Clara Mocha - Vintage Oak,£170.00
Miller Dining Chair - Hugo Spelt - Vintage Oak,£110.00
Miller Dining Chair - Hugo Spelt - Vintage Oak,£110.00
Mowbray Dining Chair - Hugo Buckwheat - Vintage Oak,£150.00
Calverston Dining Chair - Hugo Spelt - Vintage Oak,£185.00
Mowbray Dining Chair - Hugo Spelt - Darkened Oak,£200.00
Mowbray Dining Chair - Hugo Spelt - Darkened Oak,£200.00
Calverston Dining Chair - Hugo Spelt - Pale Oak,£235.00
Long Island Dining Chair - Vintage Oak,£110.00
Long Island Dining Chair Cover - Harry Rust,£95.00
Mowbray Dining Chair - Angus Flint - Pale Oak,£150.00
Calverston Dining Chair - Isla Ermine - Darkened Oak,£185.00
Miller Dining Chair - Hugo Spelt - Vintage Oak,£260.00
Miller Dining Chair - Hugo Spelt - Vintage Oak,£260.00
Miller Dining Chair - Hugo Spelt - Vintage Oak,£260.00
Sheldrake Dining Chair - Clara Natural - Pale Oak,£300.00
Miller Dining Chair - Hugo Spelt - Vintage Oak,£260.00
Mowbray Dining Chair - St. James Saddle - Pale Oak Legs,£400.00
Shoreditch Dining Chair - Barnaby Leather Saddle - PO Legs,£285.00
Miller Dining Chair - Hugo Spelt - Vintage Oak,£260.00
Calverston Dining Chair - Clara Natural - Pale Oak,£160.00
Mowbray Dining Chair - Archie Night Sky - Vintage Oak,£125.00
Mowbray Dining Chair - St. James Saddle - Pale Oak Legs,£400.00
Mowbray Dining Chair - St. James Saddle - Pale Oak Legs,£400.00
Mowbray Dining Chair - St. James Saddle - Pale Oak Legs,£400.00
Shoreditch Dining Chair - Barnaby Leather Saddle - PO Legs,£285.00
Mowbray Dining Chair - St. James Saddle - Pale Oak Legs,£400.00
Mowbray Dining Chair - St. James Saddle - Pale Oak Legs,£340.00
Mowbray Dining Chair - St. James Saddle - Pale Oak Legs,£340.00
Mowbray Dining Chair - St. James Saddle - Pale Oak Legs,£475.00
Mowbray Dining Chair - St. James Saddle - Pale Oak Legs,£400.00
Mowbray Dining Chair - St. James Saddle - Pale Oak Legs,£340.00
Mowbray Dining Chair - St. James Saddle - Pale Oak Legs,£340.00
Miller Dining Chair - Chloe Lead - Pale Oak Legs,£220.00
Shoreditch Dining Chair - Hugo Pale Oat - Darkened Oak,£175.00
Miller Dining Chair - Chloe Lead - Pale Oak Legs,£220.00
Sheldrake Dining Chair - Harry Sand - Pale Oak Legs,£420.00
Sheldrake Dining Chair - Harry Sand - Pale Oak Legs,£420.00
Shoreditch Dining Chair - Hugo Pale Oat - Pale Oak,£175.00
Shoreditch Dining Chair - Clara Natural - Pale Oak,£165.00
Shoreditch Dining Chair - Isla Ermine - Pale Oak,£300.00
Shoreditch Dining Chair - Hugo Sage - Pale Oak,£195.00
Shoreditch Carver Chair - Chloe Fig - Vintage Oak,£375.00
Shoreditch Dining Chair - Hugo Sage - Pale Oak,£195.00
Shoreditch Dining Chair - Isla Ermine - Pale Oak,£300.00
Shoreditch Dining Chair - Hugo Sage - Pale Oak,£195.00
Shoreditch Dining Chair - Isla Ermine - Pale Oak,£300.00
Shoreditch Dining Chair - Isla Ermine - Pale Oak,£300.00
Shoreditch Dining Chair - Isla Ermine - Pale Oak,£300.00
Henley Dining Chair - Hugo Spelt - Vintage Oak,£355.00
Henley Dining Chair - Hugo Spelt - Pale Oak,£355.00
Shoreditch Dining Chair - Isla Ermine - Pale Oak,£300.00
Shoreditch Dining Chair - Hugo Sage - Pale Oak,£195.00
Mowbray Dining Chair - Isla Ermine - Pale Oak,£180.00
Shoreditch Dining Chair - St. James Saddle - VO Legs,£330.00
Shoreditch Dining Chair - St. James Saddle - VO Legs,£330.00
Shoreditch Carver Chair - St. James Saddle - VO Legs,£435.00
Purbeck Sofa Armchair Hazel with Natural Cushions,£665.00
Harrington Sofa Armchair - Reed,£595.00
Harrington Sofa Armchair - Reed - Missing Cushions,£595.00
Caspar Armchair - HARRIS TWEED Bilberry - Vintage Oak Legs,£1925.00
Boscombe 6 Seater Dining table - Cobble & Marble,£1050.00
Brompton Reading Floor Lamp - Antique Brass Plating,£275.00
Brompton Reading Floor Lamp - Antique Brass Plating,£275.00
Brompton Reading Floor Lamp - Antique Brass Plating,£275.00
Brompton Reading Floor Lamp - Antique Brass Plating,£275.00
Brompton Reading Floor Lamp - Antique Brass Plating,£275.00
Shoreditch Armchair - Angus Flint - Darkened Oak Legs,£975.00
Harrington 6 Seater Table,£905.00
Wardley Bar Stool - Rhubarb,£295.00
Harrington 6 Seater Table,£800.00
Cheltenham Bench with Natural Cushion,£625.00
Henley 6-10 Seater Dining Table,£2100.00
Olivia Armchair - Clara Parchment - Vintage Oak Legs,£945.00
Cheltenham 10 Seater Table,£1360.00
Cheltenham 10 Seater Table,£1170.00
Long Island Right Arm Cover - LinaraDark Fig,£795.00
Long Island Left Arm Large Return Cover - Chloe Lead - With Zip,£700.00
Olivia Armchair - Clara Parchment - Vintage Oak Legs,£785.00
Long Island Corner Cover - Chloe Lead - With Zip,£465.00
Long Island Left Arm Large Return Cover - Clara Warm White - With Zip,£270.00
Long Island Left Arm Cover - Clara Warm White - With Zip,£335.00
Henley 6 Seater Round Dining Table - Table top only,£495.00
Cheltenham Bench with Natural Cushion,£625.00
Long Island Left Arm Large Return Cover - LinaraDark Fig,£650.00
